{
  "accuracy": 0.34002677376171353,
  "f1_macro": 0.306761481044185,
  "report": {
    "0": {
      "precision": 0.36904761904761907,
      "recall": 0.11524163568773234,
      "f1-score": 0.17563739376770537,
      "support": 269.0
    },
    "1": {
      "precision": 0.3316062176165803,
      "recall": 0.2490272373540856,
      "f1-score": 0.28444444444444444,
      "support": 257.0
    },
    "2": {
      "precision": 0.3382978723404255,
      "recall": 0.7194570135746606,
      "f1-score": 0.4602026049204052,
      "support": 221.0
    },
    "accuracy": 0.34002677376171353,
    "macro avg": {
      "precision": 0.346317236334875,
      "recall": 0.3612419622054928,
      "f1-score": 0.306761481044185,
      "support": 747.0
    },
    "weighted avg": {
      "precision": 0.34706885841834634,
      "recall": 0.34002677376171353,
      "f1-score": 0.2972603170457089,
      "support": 747.0
    }
  }
}