{
  "XAUUSD": {
    "prior": {
      "a": 51.802499999999995,
      "b": 50.697500000000005
    },
    "signals": {
      "kf_trend": {
        "a": 50.794999999999995,
        "b": 50.705000000000005
      },
      "ou_revert": {
        "a": 50.0,
        "b": 50.0
      },
      "stoch_momo": {
        "a": 51.167500000000004,
        "b": 50.6825
      },
      "kf_slope": {
        "a": 50.4,
        "b": 50.0
      },
      "ou_zscore": {
        "a": 50.3,
        "b": 50.0
      }
    }
  },
  "XAUUSD.sd": {
    "a": 51.441097560975614,
    "b": 51.10762195121953
  }
}