{
    "timestamp": "2025-10-28T08:06:28.467076",
    "final_accuracy": 0.5368421077728271,
    "val_accuracy": 0.4889589846134186,
    "loss": 0.6915345788002014,
    "val_loss": 0.6955773830413818,
    "epochs": 6
}