{
  "-1": 1.592135345221765,
  "0": 0.7047156446063549,
  "1": 1.0494273658830622
}